chr	pos	alt	depth
1	1355488	71	90
1	1587397	0	6
1	3505036	0	3
1	3829730	29	33
1	6225213	95	121
1	9733906	27	33
1	10008053	8	13
1	12109976	28	30
1	16577188	32	38
1	16632199	45	54
1	16633107	39	46
1	16643220	44	53
1	16696648	75	84
1	18278531	0	4
1	20726829	5	11
1	20857326	39	43
1	21703627	40	48
1	22977555	0	5
1	23754283	209	267
1	26280138	139	168
1	26320311	106	135
1	27997351	187	220
1	28215863	0	4
1	28292704	0	4
1	29027336	0	4
1	30975355	0	7
1	31915991	28	35
1	33408448	0	4
1	33592357	23	29
1	37720388	281	328
1	39468744	91	110
1	42437516	0	4
1	46743864	0	5
1	47549036	9	13
1	51617246	63	82
1	52472228	8	11
1	53797371	1	5
1	61015231	0	5
1	62792262	3	5
1	65636290	117	163
1	71879134	0	4
1	75898056	63	94
1	77411086	88	117
1	77411089	88	117
1	78012816	8	12
1	79055337	33	47
1	93221971	23	30
1	94055138	158	197
1	96679545	26	33
1	98893086	56	71
1	99287995	156	186
1	100720657	166	205
1	109314222	24	40
1	109684227	18	20
1	114856471	26	33
1	116062963	66	82
1	119799934	26	36
1	121374786	181	193
1	145577274	187	241
1	147164207	3	5
1	149887857	420	530
1	150553487	507	625
1	152759972	183	216
1	154948320	82	110
1	155268398	44	54
1	155732749	3	5
1	156589867	6	10
1	157539387	92	105
1	157798271	44	60
1	159809699	72	92
1	160095018	169	210
1	160115776	35	39
1	165401506	4	7
1	169727366	89	124
1	173646817	30	37
1	173980764	36	40
1	174892728	10	16
1	175004815	197	218
1	176791337	50	65
1	179051122	2	6
1	179456343	40	44
1	182450078	45	63
1	183286626	74	87
1	183565688	86	110
1	192043996	0	4
1	193076647	61	76
1	199910632	0	6
1	200523854	0	5
1	200554390	30	35
1	200873275	45	59
1	201365446	14	19
1	204410185	156	217
1	205620847	92	101
1	206110304	60	80
1	206962646	6	13
1	207068750	0	3
1	213230559	94	105
1	214483354	85	99
1	225079255	39	54
1	NA	42	52
1	225850042	182	188
1	226982802	111	126
1	230685028	65	88
1	234609031	29	33
1	235148595	6	12
1	236433314	0	4
1	238492752	3	5
1	243344366	21	25
1	247875902	63	79
2	1662092	77	109
2	9400157	32	44
2	14551742	1	6
2	16565676	101	105
2	17738273	92	124
2	17824368	0	6
2	26182399	70	80
2	26471233	41	51
2	28783791	26	33
2	31892002	76	96
2	32518229	103	125
2	33259635	284	292
2	36925246	33	39
2	42261314	4	6
2	42798208	0	6
2	43521228	0	5
2	43527992	82	87
2	47839947	3	6
2	48755611	46	56
2	54891135	151	181
2	55449801	0	4
2	61339689	24	35
2	62943939	26	35
2	63120693	1	4
2	70091061	0	4
2	71023307	35	48
2	71023316	45	58
2	71023361	46	63
2	73602339	102	122
2	74422793	4	9
2	74536236	147	153
2	77518679	193	254
2	77521748	102	128
2	84607149	29	33
2	86199007	0	3
2	86883474	8	11
2	89085767	73	89
2	89222008	59	75
2	89960085	115	143
2	90310221	0	4
2	96250188	1	3
2	97158688	59	81
2	101166921	0	4
2	108298670	232	300
2	108772418	19	26
2	112100545	3	6
2	118970240	100	128
2	127314850	136	163
2	131484311	50	64
2	135370958	4	6
2	136423137	0	5
2	140526382	41	61
2	140601307	6	9
2	143625465	2	11
2	146557323	0	6
2	151379531	20	27
2	152371370	0	5
2	157780268	19	26
2	157942002	4	6
2	158868300	19	25
2	159689372	0	6
2	162173167	67	89
2	162194810	85	106
2	166015676	154	166
2	166043628	87	110
2	166903710	203	277
2	167258626	94	109
2	168824931	3	5
2	169239839	33	46
2	176130954	193	200
2	177675471	90	120
2	178654330	126	152
2	178773871	171	206
2	184936205	140	160
2	185291675	11	17
2	197493190	21	25
2	197528965	0	3
2	199808169	2	4
2	202033878	2	6
2	202082609	0	4
2	202207914	19	29
2	203419544	1	4
2	203753352	0	4
2	210591940	166	200
2	215424249	132	164
2	215804557	0	4
2	218424382	89	94
2	218828119	91	111
2	219240075	204	249
2	229227800	7	13
2	229649827	3	5
2	231480624	0	4
2	232445323	56	65
2	232930548	0	4
2	233549401	0	4
2	234329874	4	8
2	237081491	3	5
2	240750599	56	72
2	241267619	144	167
3	3544861	0	4
3	9759826	6	8
3	13504029	4	6
3	14857155	3	7
3	15229194	18	24
3	29587111	105	113
3	42181321	0	4
3	45674269	26	29
3	48662548	79	110
3	53882103	33	43
3	57096615	9	14
3	57692723	3	5
3	59927463	0	4
3	61553775	3	5
3	61742403	0	7
3	62874936	43	57
3	64594953	4	7
3	65470523	3	6
3	99449735	0	7
3	108165651	34	46
3	109322732	0	4
3	111885368	155	232
3	111966524	3	9
3	116606862	5	9
3	119471290	41	52
3	120185250	83	95
3	120334198	3	6
3	121584786	5	8
3	122673297	2	6
3	124877851	0	4
3	125173996	0	7
3	125552141	8	12
3	128795551	24	31
3	130827684	66	93
3	132494059	19	33
3	136087860	200	208
3	138887602	0	6
3	139163269	61	96
3	139575894	11	26
3	143001514	25	29
3	147413536	85	102
3	152836696	281	336
3	153576147	0	5
3	159711942	15	18
3	167282460	60	72
3	167465624	192	250
3	169928484	223	280
3	171899156	4	10
3	179242844	17	22
3	180825485	0	4
3	180899612	5	9
3	186785977	231	257
3	188406145	124	160
3	189738811	50	82
3	192812340	1	7
3	195982162	29	38
4	6060482	96	138
4	7376274	0	3
4	17817482	6	9
4	39032206	97	127
4	39973273	44	57
4	40414856	0	4
4	47744585	13	18
4	48163740	14	21
4	54142790	0	4
4	61813808	247	285
4	61998207	178	224
4	67673853	50	67
4	69098717	243	273
4	69854185	69	89
4	70473960	44	65
4	75795434	70	75
4	77011924	52	80
4	80202778	16	20
4	81205206	0	4
4	83103084	0	7
4	86891657	5	8
4	87049577	42	49
4	87614384	28	30
4	102602374	0	5
4	103656367	46	73
4	108063814	7	13
4	110022712	1	5
4	110399800	17	28
4	110549137	10	15
4	112429077	59	72
4	126771586	1	7
4	128041382	1	11
4	135371263	50	57
4	137987597	0	4
4	139341086	106	112
4	152326101	98	150
4	154489124	1	6
4	154489255	8	53
4	157360696	57	119
4	168404131	23	32
4	168430569	54	104
4	169733894	0	4
4	174692442	14	18
4	176148204	97	176
4	177360603	135	139
4	183281154	0	4
4	183732172	0	4
4	186273070	55	65
4	189984918	108	126
5	506887	0	3
5	6623319	2	17
5	7865858	36	43
5	13891011	145	161
5	14211964	0	4
5	16969784	0	4
5	28702865	0	4
5	40852278	113	200
5	43280295	206	248
5	45396530	202	313
5	65792660	72	78
5	69303973	20	26
5	74685138	2	7
5	74931739	4	8
5	81335718	37	41
5	82058489	135	177
5	94367050	3	5
5	97729245	2	4
5	98894466	25	29
5	112205271	1	8
5	115169706	92	120
5	115813260	87	92
5	121994664	20	23
5	122077565	165	231
5	123402015	35	41
5	126548423	0	3
5	129918808	0	3
5	133019205	11	15
5	139809336	85	90
5	141188999	54	67
5	142010514	0	7
5	142341883	5	9
5	147408733	91	124
5	147644869	83	108
5	150245338	0	3
5	154764548	0	3
5	157483209	0	4
5	160620731	63	105
5	177341064	0	4
5	177436533	28	32
5	178702614	0	3
5	178786916	7	13
6	7368684	2	16
6	10566544	1	3
6	10803658	26	30
6	18207365	30	34
6	24437122	152	198
6	25019588	0	4
6	26056343	38	58
6	28963187	0	2
6	29686556	0	5
6	29929070	0	4
6	29944029	6	9
6	30009581	43	53
6	30009611	38	46
6	30009632	34	42
6	31366645	3	21
6	32316646	8	12
6	32554019	17	28
6	32580434	36	42
6	33205185	179	245
6	33295072	131	137
6	34119403	0	6
6	35783509	2	6
6	37463102	72	97
6	41034098	147	193
6	46710420	10	20
6	69235097	114	144
6	70131199	26	31
6	70144267	112	138
6	70256718	18	25
6	73576662	0	4
6	73696177	76	90
6	75085158	4	6
6	75090194	112	158
6	87245554	98	124
6	89340020	0	3
6	89696072	36	50
6	89719008	138	177
6	93269430	10	14
6	97178498	33	73
6	106689329	4	7
6	110299002	159	189
6	116431201	36	38
6	117432334	13	17
6	117703542	220	233
6	123804202	82	95
6	128239931	49	55
6	129710243	18	22
6	129831424	37	51
6	131867927	6	10
6	138621472	0	4
6	140262596	31	39
6	152125158	23	27
6	152441973	126	149
6	154577139	2	5
6	161426915	0	4
6	162577608	0	4
6	170395529	63	80
7	3297542	0	5
7	4822633	30	37
7	5341247	0	4
7	8143820	75	89
7	27174366	25	29
7	28071529	94	122
7	30699909	7	29
7	30882367	26	30
7	31084899	45	58
7	32472030	107	118
7	32472043	109	120
7	32472060	95	106
7	32472088	78	89
7	37294999	0	4
7	37342637	177	210
7	37921272	51	59
7	41524842	0	5
7	44574031	38	42
7	49937500	76	102
7	51191026	163	198
7	63096354	24	29
7	64141966	57	69
7	65873474	62	87
7	66029179	0	3
7	70589399	0	4
7	71571455	103	128
7	73363102	0	4
7	73469572	167	195
7	73592135	0	4
7	77937691	12	18
7	80188855	16	20
7	83255030	5	9
7	87935079	665	823
7	89335188	225	277
7	99996214	0	4
7	100872852	7	13
7	103092642	206	271
7	105107960	21	25
7	111811920	160	176
7	111913712	0	4
7	135698334	0	4
7	137619896	109	132
7	140102374	0	4
7	140357910	0	4
7	141931859	63	82
7	142058345	156	184
7	147562218	137	163
7	148786553	104	133
7	151224805	147	175
7	155607241	0	4
7	157603945	155	159
8	2997959	21	29
8	4419937	108	134
8	12180625	10	16
8	18071249	3	5
8	21021724	0	4
8	23258307	122	155
8	26583759	50	85
8	30727498	14	17
8	32648109	232	279
8	39103625	98	103
8	42578842	0	7
8	46974001	103	125
8	54258422	0	3
8	58595592	169	208
8	58626287	0	4
8	68640222	9	17
8	74844152	75	91
8	76704307	171	210
8	76855708	217	286
8	78888332	0	2
8	79522131	0	3
8	80052804	8	22
8	84873257	66	80
8	87789432	56	71
8	90565668	0	4
8	92005295	14	21
8	92005297	13	20
8	100093513	32	46
8	101262384	0	4
8	106646305	0	4
8	112503979	63	76
8	113019180	85	116
8	119617281	70	105
8	120958151	0	5
8	125481751	0	4
8	129181035	0	4
8	132033144	108	170
8	133038771	33	39
8	138602075	46	75
9	4849374	27	31
9	14204456	3	5
9	15148270	0	4
9	21971112	141	190
9	31332938	3	5
9	33798387	34	42
9	36120892	10	16
9	40916222	1	5
9	41224355	0	4
9	42186985	163	210
9	62453632	7	10
9	66029898	16	22
9	66029956	22	28
9	69218278	79	136
9	72585317	0	4
9	76043169	1	8
9	76296774	289	299
9	76394228	34	38
9	76846505	55	65
9	79532644	3	5
9	81932517	95	224
9	82432497	161	241
9	88485124	0	14
9	95292596	36	56
9	99069980	32	39
9	100292434	278	344
9	113393947	0	6
9	114331778	42	66
9	117053454	0	6
9	120467923	243	261
9	122838339	5	9
9	123466010	0	4
9	128777456	0	3
9	129000741	0	4
9	129458081	0	4
9	129537458	0	8
9	129819754	0	4
9	129872157	0	6
9	130037044	0	8
9	131362819	0	7
9	132271888	26	34
9	133276163	1	9
9	133664035	82	92
9	133819448	0	4
9	134701115	7	34
9	137452330	58	71
10	4839453	0	4
10	5107372	57	62
10	7170996	199	240
10	12091656	122	127
10	12947143	0	4
10	19133958	25	43
10	22316345	8	11
10	22567971	61	68
10	23454346	14	18
10	26066956	67	90
10	26526510	0	4
10	32162540	0	3
10	34932195	0	4
10	42271651	12	15
10	43381422	1	11
10	51723621	0	4
10	53898156	5	8
10	57064203	0	4
10	59814599	33	40
10	68396825	123	129
10	68749527	60	64
10	76970027	203	215
10	77805760	192	241
10	79896920	0	5
10	84775608	5	8
10	86657168	113	143
10	89588795	57	69
10	91844805	4	11
10	94031356	192	228
10	94230611	0	5
10	98084977	4	9
10	99899677	0	4
10	100042848	0	4
10	100256435	108	148
10	100493179	1	3
10	102451475	18	23
10	102629963	36	38
10	104927724	0	5
10	105159041	30	32
10	110907515	0	7
10	114436160	30	32
10	116461368	50	73
10	120503906	89	111
10	121551219	62	67
11	1097611	34	42
11	1249152	29	34
11	1697446	63	69
11	2415534	50	72
11	5515373	235	293
11	5642656	16	24
11	5994600	23	31
11	8651793	305	314
11	9144788	0	4
11	10199190	3	5
11	11681421	0	4
11	11873763	26	52
11	13405886	86	92
11	17544749	0	4
11	18612424	97	119
11	27372431	21	31
11	31928486	2	4
11	32607811	0	4
11	33717540	15	23
11	47590433	74	102
11	47871173	0	4
11	48512584	84	105
11	48978859	22	29
11	49081903	53	70
11	49952803	137	176
11	55343837	250	306
11	56701283	164	177
11	58119388	157	200
11	59228117	0	4
11	59457529	201	250
11	59861590	214	220
11	61249688	302	310
11	61812116	32	43
11	62017031	0	5
11	62418994	4	6
11	62632797	23	27
11	64342262	14	19
11	64368069	8	17
11	64564203	13	18
11	64622890	153	184
11	65414427	0	4
11	72062449	1	3
11	75386389	5	7
11	75790274	193	203
11	78008104	2	6
11	NA	334	342
11	83169785	196	257
11	83965458	129	163
11	86302411	109	150
11	87277348	30	37
11	89402430	76	95
11	89875863	555	637
11	93706729	40	54
11	96390819	142	178
11	99180254	11	38
11	103286354	115	157
11	105905482	6	10
11	108091367	0	4
11	110258200	11	19
11	114312001	78	96
11	118408930	5	9
11	119321859	0	4
11	126291131	0	5
11	128436030	0	4
11	130880899	24	28
11	134146054	139	166
12	930977	0	4
12	6375548	21	28
12	6718460	0	3
12	7729849	9	17
12	8016406	11	30
12	8605415	185	250
12	8869109	114	120
12	9434056	69	80
12	10606429	37	41
12	10610585	10	18
12	12058873	1	14
12	19798935	0	3
12	24114939	0	5
12	27308324	96	102
12	31726175	0	6
12	32001647	3	5
12	32135506	0	4
12	40299149	102	122
12	40475603	85	105
12	40479763	185	208
12	40560487	77	118
12	41573117	171	211
12	42098098	29	38
12	47313726	0	4
12	48716630	208	254
12	49389694	69	71
12	49648104	13	22
12	50118269	0	4
12	52258440	31	40
12	52691330	43	55
12	53192082	136	175
12	53537305	19	26
12	55026361	39	50
12	55818147	100	106
12	55948401	0	4
12	56291353	20	26
12	57606957	283	350
12	66233519	0	5
12	69121266	0	5
12	69258534	19	31
12	69586667	23	31
12	74171135	23	28
12	74663729	10	17
12	78119647	116	152
12	79205241	6	12
12	81368632	13	18
12	93846944	0	4
12	94220225	30	34
12	95059960	66	87
12	96663796	38	46
12	100390946	85	114
12	100540728	189	242
12	101042319	86	124
12	102958794	181	230
12	107010788	0	3
12	107696530	155	187
12	118149919	43	50
12	119555196	0	6
12	120877793	0	4
12	122618469	90	96
12	124473097	66	78
12	125858357	1	5
12	128904989	1	3
12	132810746	4	6
12	133057522	130	163
13	19503337	83	95
13	20082031	62	84
13	20796259	16	21
13	23334160	78	106
13	25096889	166	175
13	25096924	157	164
13	30462714	61	66
13	32341867	4	10
13	35177080	71	102
13	44955823	0	4
13	44982156	20	25
13	45267149	11	15
13	48319347	24	28
13	52676252	96	111
13	70107312	179	230
13	72578228	0	3
13	72868007	6	11
13	74706021	4	7
13	78752170	0	4
13	98867845	25	32
13	100638799	53	78
14	18648917	12	17
14	18658516	6	12
14	18992413	47	71
14	20243078	266	323
14	21721171	0	5
14	21924658	52	73
14	22207674	61	81
14	23394409	69	89
14	36519393	95	121
14	46882151	247	307
14	49436010	0	4
14	60981522	26	31
14	64600378	72	97
14	64601544	7	12
14	66012776	41	52
14	68789781	82	100
14	71103485	161	209
14	73253496	0	4
14	73949519	0	6
14	75947939	0	4
14	76837872	157	189
14	77471505	0	4
14	80895797	27	32
14	85621817	190	234
14	87976408	124	157
14	87988525	122	129
14	89333272	0	4
14	89819608	0	4
14	90780750	25	33
14	91299915	22	32
14	92014269	82	101
14	95108467	160	191
14	100262162	0	5
14	103420396	0	5
14	104740902	122	147
14	106116944	408	477
14	106606525	145	151
15	23440748	41	69
15	23440941	51	61
15	23440966	60	70
15	23440996	58	66
15	28213864	309	317
15	32329124	0	5
15	37099551	63	86
15	40657021	31	37
15	42340601	16	22
15	43194571	22	26
15	48433074	38	53
15	52046461	210	274
15	53699788	97	123
15	55205767	26	44
15	55915520	235	271
15	55981367	0	6
15	64075653	4	7
15	64112759	19	24
15	64710163	0	4
15	78166888	4	10
15	78226609	21	30
15	78975515	0	4
15	84483639	26	39
15	84853618	0	5
15	87876819	3	9
15	90090085	0	4
15	96784264	113	145
16	34199	57	79
16	854468	12	19
16	1345218	73	91
16	1659937	176	223
16	4698928	291	378
16	6317045	95	116
16	8589907	2	4
16	12015537	2	5
16	13764597	0	4
16	13870515	0	5
16	15443254	1	7
16	15664887	20	31
16	15814139	0	3
16	17319449	0	4
16	20317264	119	149
16	21227277	0	4
16	21385538	15	20
16	22174332	0	3
16	22814603	43	65
16	23661513	0	4
16	24929619	82	97
16	29723030	0	3
16	30737728	212	219
16	32004899	36	41
16	32885239	29	37
16	33593419	47	56
16	33928392	15	20
16	34586819	6	10
16	46720950	27	31
16	49477701	0	2
16	56887030	189	209
16	61653988	109	133
16	68232195	65	85
16	70039080	15	20
16	72788446	133	164
16	74921774	0	3
16	81705495	153	193
16	84060845	76	89
16	88434298	177	232
16	89151310	17	27
16	89470757	0	4
16	89860945	3	9
16	89886053	27	37
17	1467829	8	49
17	3564912	2	10
17	3743705	8	13
17	5061872	0	4
17	7238714	22	26
17	7674894	84	151
17	7764465	6	12
17	7921181	177	197
17	9701265	117	121
17	10320205	97	155
17	10455277	70	83
17	12428251	0	4
17	12760532	60	66
17	NA	0	3
17	16000335	222	311
17	16622217	50	54
17	17775534	0	4
17	22153784	0	6
17	28487507	51	64
17	29576262	114	152
17	35176925	29	33
17	35920455	0	4
17	39160630	209	259
17	39970375	29	40
17	40219368	0	5
17	40288890	3	5
17	41805006	1	3
17	42485539	0	4
17	43060788	18	28
17	43154680	2	8
17	47743124	88	120
17	48554557	125	165
17	48801477	146	170
17	49669075	0	3
17	50404522	25	31
17	60078765	145	185
17	60947420	22	27
17	62381770	46	57
17	64733392	0	3
17	64920132	0	5
17	67910809	0	5
17	68069522	0	4
17	69504437	37	43
17	73350651	129	172
17	74518801	0	4
17	74582364	86	106
17	75495938	79	98
17	76091071	31	53
17	76129700	1	9
17	76292227	267	323
17	76725798	209	215
17	79208641	0	7
17	82056690	221	225
18	743436	11	46
18	4603228	1	7
18	5400497	109	131
18	7015588	11	15
18	8371917	49	58
18	8846127	0	6
18	9468173	0	4
18	11953175	1	7
18	13058080	13	18
18	14513734	61	100
18	14779875	9	28
18	14999941	55	66
18	21667077	0	4
18	23020104	7	12
18	28652192	65	75
18	30368821	0	3
18	31912494	0	5
18	31924462	0	4
18	33739332	106	128
18	42313054	0	5
18	50704481	32	46
18	52752002	71	93
18	56415931	26	30
18	61411044	0	4
18	76989027	99	131
18	78545484	0	4
19	288221	56	76
19	504960	83	103
19	1008119	216	228
19	1314693	0	3
19	2427164	29	33
19	4281282	0	4
19	9298135	1	7
19	9450290	0	6
19	10600234	0	4
19	11157182	4	8
19	11738779	47	57
19	11868380	234	292
19	12315704	0	4
19	12919318	146	200
19	13234048	0	4
19	13761223	0	4
19	15892484	150	156
19	16108277	0	6
19	16455312	0	4
19	16501557	16	21
19	16871005	1	3
19	18069022	0	5
19	19147227	6	10
19	20121241	54	66
19	21057568	52	55
19	21359332	45	56
19	21642672	0	7
19	21718923	0	4
19	21973486	121	151
19	22392972	114	126
19	22663809	28	42
19	23002953	125	154
19	23745203	95	107
19	29797081	0	5
19	33388075	110	139
19	35132099	39	44
19	35668393	52	65
19	38587739	163	217
19	39197226	17	22
19	39264450	40	45
19	39449939	0	3
19	39872797	7	25
19	40612164	351	385
19	40692091	108	129
19	41410745	141	179
19	45020747	0	9
19	45164321	38	55
19	46777374	237	307
19	47209158	67	82
19	48511457	8	17
19	49662071	126	130
19	50435278	53	70
19	50758566	38	43
19	52521938	0	4
19	53251423	45	51
19	53860083	0	4
19	54223409	48	57
19	NA	55	65
19	54223524	47	56
19	54223527	43	52
19	54632803	44	50
19	54695883	43	49
19	54757068	104	112
19	54757076	114	122
19	55642793	42	59
19	56028142	216	272
19	56413927	149	178
20	353628	103	133
20	3576835	102	134
20	5212530	3	5
20	8620747	0	5
20	8741455	135	169
20	12754293	6	10
20	15243617	0	3
20	33019214	22	34
20	33020543	74	96
20	34935535	36	40
20	36974458	0	4
20	37137996	106	139
20	41171303	3	5
20	43459961	137	168
20	45969732	71	99
20	46012370	41	48
20	46418473	0	3
20	49373572	143	165
20	53894376	0	7
20	54067369	0	5
20	59907309	27	31
20	63039243	0	2
21	5237522	9	13
21	10335088	2	9
21	10348352	10	17
21	10388865	12	16
21	10415447	11	16
21	10417513	14	20
21	10417633	25	31
21	10432057	9	15
21	10516313	195	221
21	10577732	1	5
21	10605529	339	368
21	10649813	605	740
21	37096499	45	64
21	41437474	1	7
21	43855957	3	5
21	44527193	21	25
21	46416365	312	433
22	11032831	18	24
22	11034134	5	9
22	15625892	59	69
22	15625895	58	68
22	17720668	0	4
22	20833899	2	14
22	21002864	13	73
22	21958984	30	34
22	23874453	0	5
22	24316802	29	42
22	24719553	240	294
22	29286150	2	6
22	30060179	11	15
22	30680611	0	4
22	32102296	24	28
22	33316177	154	176
22	37374310	229	276
22	38683916	35	42
22	38779692	39	46
22	39743919	241	281
22	41469222	83	92
22	42639629	0	7
22	44825442	18	28
22	48648826	0	3
22	49626895	329	379
22	50530397	65	79
22	50744181	141	221
